-- -----------------------------------------------------
-- 더미 데이터 INSERT
-- 기간: 2025년 2월 20일 ~ 2025년 8월 4일
-- -----------------------------------------------------

INSERT INTO `robot_current_state` (robot_id, robot_status_id, battery_level, is_charging, floor_id, error_id, last_updated_time) VALUES
(0, 2, 85, FALSE, 0, NULL, '2025-08-04 14:30:00'),
(1, 1, 100, TRUE, 0, NULL, '2025-08-04 14:25:00'),
(2, 12, 73, FALSE, 1, NULL, '2025-08-04 14:32:00');

INSERT INTO `task` (id, task_type_id, task_status_id, location_id, robot_id, task_creation_time, robot_assignment_time, pickup_completion_time, delivery_arrival_time, task_completion_time, task_cancellation_time) VALUES
(1, 0, 7, 101, 0, '2025-02-20 09:15:00', '2025-02-20 09:16:00', '2025-02-20 09:25:00', '2025-02-20 09:32:00', '2025-02-20 09:35:00', NULL),
(2, 1, 7, 102, 1, '2025-02-21 10:30:00', '2025-02-21 10:31:00', '2025-02-21 10:38:00', '2025-02-21 10:45:00', '2025-02-21 10:48:00', NULL),
(3, 0, 7, 201, 2, '2025-02-22 14:20:00', '2025-02-22 14:21:00', '2025-02-22 14:30:00', '2025-02-22 14:37:00', '2025-02-22 14:40:00', NULL),
(4, 0, 7, 101, 0, '2025-02-25 12:45:00', '2025-02-25 12:46:00', '2025-02-25 12:55:00', '2025-02-25 13:02:00', '2025-02-25 13:05:00', NULL),
(5, 1, 7, 202, 1, '2025-03-01 16:10:00', '2025-03-01 16:11:00', '2025-03-01 16:20:00', '2025-03-01 16:27:00', '2025-03-01 16:30:00', NULL),
(6, 1, 7, 102, 2, '2025-03-03 11:25:00', '2025-03-03 11:26:00', '2025-03-03 11:33:00', '2025-03-03 11:40:00', '2025-03-03 11:43:00', NULL),
(7, 0, 0, 101, NULL, '2025-03-05 08:30:00', NULL, NULL, NULL, NULL, '2025-03-05 08:45:00'),
(8, 1, 7, 201, 0, '2025-03-10 15:45:00', '2025-03-10 15:46:00', '2025-03-10 15:55:00', '2025-03-10 16:02:00', '2025-03-10 16:05:00', NULL),
(9, 0, 7, 202, 1, '2025-03-15 13:20:00', '2025-03-15 13:21:00', '2025-03-15 13:30:00', '2025-03-15 13:37:00', '2025-03-15 13:40:00', NULL),
(10, 1, 7, 101, 2, '2025-04-01 10:15:00', '2025-04-01 10:16:00', '2025-04-01 10:23:00', '2025-04-01 10:30:00', '2025-04-01 10:33:00', NULL),
(11, 0, 7, 102, 0, '2025-04-08 17:30:00', '2025-04-08 17:31:00', '2025-04-08 17:40:00', '2025-04-08 17:47:00', '2025-04-08 17:50:00', NULL),
(12, 1, 7, 201, 1, '2025-04-15 14:10:00', '2025-04-15 14:11:00', '2025-04-15 14:20:00', '2025-04-15 14:27:00', '2025-04-15 14:30:00', NULL),
(13, 0, 7, 102, 2, '2025-05-01 09:45:00', '2025-05-01 09:46:00', '2025-05-01 09:55:00', '2025-05-01 10:02:00', '2025-05-01 10:05:00', NULL),
(14, 0, 7, 201, 0, '2025-05-10 12:20:00', '2025-05-10 12:21:00', '2025-05-10 12:30:00', '2025-05-10 12:37:00', '2025-05-10 12:40:00', NULL),
(15, 1, 7, 202, 1, '2025-06-01 16:35:00', '2025-06-01 16:36:00', '2025-06-01 16:43:00', '2025-06-01 16:50:00', '2025-06-01 16:53:00', NULL),
(16, 0, 5, 101, 2, '2025-06-15 11:15:00', '2025-06-15 11:16:00', '2025-06-15 11:25:00', '2025-06-15 11:32:00', NULL, NULL),
(17, 1, 6, 102, 0, '2025-07-01 15:20:00', '2025-07-01 15:21:00', '2025-07-01 15:30:00', '2025-07-01 15:37:00', NULL, NULL),
(18, 1, 4, 201, 1, '2025-07-20 10:30:00', '2025-07-20 10:31:00', NULL, NULL, NULL, NULL),
(19, 0, 2, 202, 2, '2025-08-01 14:45:00', '2025-08-01 14:46:00', NULL, NULL, NULL, NULL),
(20, 1, 1, 101, 0, '2025-08-04 13:10:00', '2025-08-04 13:11:00', NULL, NULL, NULL, NULL);

INSERT INTO `order` (id, task_id, location_id, total_price) VALUES
(1, 1, 101, 26000),
(2, 2, 102, 0),
(3, 3, 201, 48000),
(4, 4, 101, 15000),
(5, 5, 202, 0),
(6, 6, 102, 0),
(7, 8, 201, 0),
(8, 9, 202, 79000),
(9, 10, 101, 0),
(10, 11, 102, 31000),
(11, 12, 201, 0),
(12, 13, 102, 42000),
(13, 14, 201, 48000),
(14, 15, 202, 0),
(15, 17, 102, 0),
(16, 18, 201, 0),
(17, 20, 101, 0);

INSERT INTO `food_order_item` (id, order_id, food_id, quantity) VALUES
(1, 1, 0, 1),
(2, 1, 3, 1),
(3, 3, 2, 1),
(4, 4, 0, 1),
(5, 8, 1, 1),
(6, 8, 2, 1),
(7, 10, 1, 1),
(8, 12, 0, 1),
(9, 12, 3, 1),
(10, 12, 0, 1),
(11, 13, 2, 1);

INSERT INTO `supply_order_item` (id, order_id, supply_id, quantity) VALUES
(1, 2, 0, 2),
(2, 2, 1, 1),
(3, 5, 2, 3),
(4, 6, 0, 1),
(5, 6, 3, 2),
(6, 7, 1, 2),
(7, 7, 2, 1),
(8, 9, 0, 3),
(9, 9, 1, 1),
(10, 11, 2, 2),
(11, 11, 3, 1),
(12, 14, 1, 2),
(13, 14, 2, 1),
(14, 15, 0, 1),
(15, 15, 3, 2),
(16, 16, 0, 2),
(17, 16, 1, 1),
(18, 17, 2, 3);